product_id,warehouse_location,stock_quantity
1,Warehouse A - NY,322
2,Warehouse C - TX,3
3,Warehouse A - NY,749
4,Warehouse B - CA,950
5,Warehouse A - NY,46
6,Warehouse C - TX,648
7,Warehouse B - CA,164
8,Warehouse C - TX,950
9,Warehouse B - CA,82
10,Warehouse B - CA,235
11,Warehouse B - CA,150
12,Warehouse C - TX,867
13,Warehouse A - NY,347
14,Warehouse A - NY,696
15,Warehouse C - TX,827
16,Warehouse C - TX,145
17,Warehouse B - CA,197
18,Warehouse C - TX,42
19,Warehouse A - NY,297
20,Warehouse B - CA,640
21,Warehouse A - NY,489
22,Warehouse B - CA,645
23,Warehouse B - CA,102
24,Warehouse C - TX,401
25,Warehouse C - TX,555
26,Warehouse B - CA,112
27,Warehouse B - CA,977
28,Warehouse B - CA,724
29,Warehouse B - CA,36
30,Warehouse B - CA,238
31,Warehouse C - TX,643
32,Warehouse A - NY,840
33,Warehouse A - NY,931
34,Warehouse A - NY,831
35,Warehouse B - CA,808
36,Warehouse C - TX,733
37,Warehouse B - CA,509
38,Warehouse B - CA,851
39,Warehouse B - CA,519
40,Warehouse A - NY,812
41,Warehouse B - CA,593
42,Warehouse C - TX,293
43,Warehouse C - TX,592
44,Warehouse C - TX,324
45,Warehouse B - CA,352
46,Warehouse C - TX,293
47,Warehouse C - TX,817
48,Warehouse B - CA,721
49,Warehouse C - TX,786
50,Warehouse A - NY,740
51,Warehouse B - CA,228
52,Warehouse A - NY,318
53,Warehouse A - NY,701
54,Warehouse A - NY,992
55,Warehouse A - NY,810
56,Warehouse B - CA,458
57,Warehouse C - TX,571
58,Warehouse B - CA,824
59,Warehouse B - CA,590
60,Warehouse B - CA,537
61,Warehouse B - CA,980
62,Warehouse B - CA,141
63,Warehouse C - TX,208
64,Warehouse B - CA,540
65,Warehouse A - NY,99
66,Warehouse B - CA,67
67,Warehouse C - TX,772
68,Warehouse A - NY,93
69,Warehouse B - CA,123
70,Warehouse C - TX,872
71,Warehouse B - CA,54
72,Warehouse B - CA,953
73,Warehouse A - NY,332
74,Warehouse C - TX,32
75,Warehouse C - TX,516
76,Warehouse B - CA,570
77,Warehouse C - TX,431
78,Warehouse C - TX,575
79,Warehouse B - CA,531
80,Warehouse C - TX,813
81,Warehouse B - CA,523
82,Warehouse C - TX,357
83,Warehouse A - NY,643
84,Warehouse B - CA,329
85,Warehouse B - CA,879
86,Warehouse B - CA,21
87,Warehouse C - TX,321
88,Warehouse C - TX,987
89,Warehouse A - NY,200
90,Warehouse C - TX,200
91,Warehouse A - NY,602
92,Warehouse A - NY,427
93,Warehouse B - CA,427
94,Warehouse A - NY,456
95,Warehouse C - TX,876
96,Warehouse A - NY,443
97,Warehouse C - TX,770
98,Warehouse A - NY,630
99,Warehouse B - CA,26
100,Warehouse A - NY,412
101,Warehouse C - TX,720
102,Warehouse C - TX,667
103,Warehouse C - TX,993
104,Warehouse C - TX,223
105,Warehouse B - CA,415
106,Warehouse C - TX,891
107,Warehouse C - TX,105
108,Warehouse B - CA,142
109,Warehouse B - CA,231
110,Warehouse C - TX,34
111,Warehouse C - TX,206
112,Warehouse C - TX,90
113,Warehouse A - NY,661
114,Warehouse A - NY,796
115,Warehouse C - TX,415
116,Warehouse B - CA,65
117,Warehouse B - CA,361
118,Warehouse A - NY,454
119,Warehouse A - NY,133
120,Warehouse C - TX,427
121,Warehouse A - NY,626
122,Warehouse B - CA,80
123,Warehouse A - NY,705
124,Warehouse A - NY,251
125,Warehouse B - CA,204
126,Warehouse B - CA,527
127,Warehouse C - TX,215
128,Warehouse B - CA,332
129,Warehouse A - NY,495
130,Warehouse A - NY,884
131,Warehouse C - TX,721
132,Warehouse B - CA,158
133,Warehouse C - TX,269
134,Warehouse C - TX,740
135,Warehouse A - NY,702
136,Warehouse A - NY,410
137,Warehouse C - TX,984
138,Warehouse B - CA,241
139,Warehouse A - NY,986
140,Warehouse A - NY,613
141,Warehouse A - NY,689
142,Warehouse C - TX,915
143,Warehouse A - NY,611
144,Warehouse B - CA,929
145,Warehouse B - CA,691
146,Warehouse A - NY,309
147,Warehouse B - CA,188
148,Warehouse A - NY,231
149,Warehouse C - TX,235
150,Warehouse B - CA,837
151,Warehouse A - NY,112
152,Warehouse B - CA,779
153,Warehouse C - TX,357
154,Warehouse C - TX,378
155,Warehouse B - CA,670
156,Warehouse B - CA,233
157,Warehouse C - TX,782
158,Warehouse A - NY,832
159,Warehouse C - TX,226
160,Warehouse C - TX,211
161,Warehouse C - TX,294
162,Warehouse C - TX,157
163,Warehouse B - CA,263
164,Warehouse B - CA,821
165,Warehouse A - NY,280
166,Warehouse A - NY,828
167,Warehouse A - NY,347
168,Warehouse B - CA,861
169,Warehouse A - NY,717
170,Warehouse B - CA,501
171,Warehouse A - NY,736
172,Warehouse C - TX,491
173,Warehouse C - TX,332
174,Warehouse A - NY,472
175,Warehouse A - NY,475
176,Warehouse C - TX,344
177,Warehouse A - NY,961
178,Warehouse B - CA,170
179,Warehouse C - TX,476
180,Warehouse A - NY,700
181,Warehouse C - TX,521
182,Warehouse A - NY,644
183,Warehouse A - NY,995
184,Warehouse C - TX,12
185,Warehouse B - CA,951
186,Warehouse B - CA,199
187,Warehouse B - CA,568
188,Warehouse B - CA,738
189,Warehouse B - CA,648
190,Warehouse B - CA,490
191,Warehouse C - TX,899
192,Warehouse B - CA,479
193,Warehouse B - CA,889
194,Warehouse A - NY,826
195,Warehouse A - NY,531
196,Warehouse C - TX,988
197,Warehouse B - CA,686
198,Warehouse B - CA,569
199,Warehouse A - NY,694
200,Warehouse C - TX,857
201,Warehouse B - CA,339
202,Warehouse A - NY,382
203,Warehouse A - NY,926
204,Warehouse C - TX,364
205,Warehouse C - TX,608
206,Warehouse A - NY,357
207,Warehouse A - NY,592
208,Warehouse C - TX,936
209,Warehouse A - NY,629
210,Warehouse B - CA,838
211,Warehouse A - NY,109
212,Warehouse B - CA,458
213,Warehouse B - CA,421
214,Warehouse C - TX,439
215,Warehouse C - TX,851
216,Warehouse B - CA,350
217,Warehouse B - CA,829
218,Warehouse C - TX,655
219,Warehouse A - NY,505
220,Warehouse B - CA,997
221,Warehouse A - NY,726
222,Warehouse A - NY,84
223,Warehouse B - CA,276
224,Warehouse B - CA,813
225,Warehouse C - TX,209
226,Warehouse C - TX,483
227,Warehouse B - CA,502
228,Warehouse B - CA,682
229,Warehouse C - TX,90
230,Warehouse B - CA,866
231,Warehouse A - NY,363
232,Warehouse B - CA,473
233,Warehouse C - TX,105
234,Warehouse A - NY,594
235,Warehouse C - TX,212
236,Warehouse A - NY,549
237,Warehouse C - TX,577
238,Warehouse C - TX,557
239,Warehouse C - TX,101
240,Warehouse B - CA,601
241,Warehouse B - CA,706
242,Warehouse A - NY,619
243,Warehouse A - NY,282
244,Warehouse B - CA,103
245,Warehouse C - TX,404
246,Warehouse A - NY,740
247,Warehouse B - CA,127
248,Warehouse B - CA,430
249,Warehouse C - TX,762
250,Warehouse B - CA,109
251,Warehouse B - CA,67
252,Warehouse B - CA,41
253,Warehouse A - NY,19
254,Warehouse B - CA,631
255,Warehouse B - CA,711
256,Warehouse A - NY,437
257,Warehouse C - TX,350
258,Warehouse B - CA,22
259,Warehouse C - TX,771
260,Warehouse B - CA,315
261,Warehouse A - NY,816
262,Warehouse A - NY,115
263,Warehouse C - TX,735
264,Warehouse B - CA,506
265,Warehouse A - NY,853
266,Warehouse A - NY,824
267,Warehouse A - NY,94
268,Warehouse B - CA,443
269,Warehouse B - CA,296
270,Warehouse C - TX,478
271,Warehouse C - TX,415
272,Warehouse C - TX,278
273,Warehouse C - TX,413
274,Warehouse B - CA,941
275,Warehouse C - TX,86
276,Warehouse C - TX,790
277,Warehouse B - CA,629
278,Warehouse B - CA,407
279,Warehouse C - TX,291
280,Warehouse C - TX,160
281,Warehouse B - CA,21
282,Warehouse C - TX,379
283,Warehouse B - CA,174
284,Warehouse A - NY,327
285,Warehouse B - CA,476
286,Warehouse A - NY,462
287,Warehouse C - TX,701
288,Warehouse B - CA,578
289,Warehouse C - TX,775
290,Warehouse C - TX,513
291,Warehouse A - NY,330
292,Warehouse A - NY,856
293,Warehouse B - CA,476
294,Warehouse C - TX,603
295,Warehouse A - NY,413
296,Warehouse B - CA,687
297,Warehouse A - NY,340
298,Warehouse C - TX,959
299,Warehouse C - TX,338
300,Warehouse C - TX,149
301,Warehouse C - TX,88
302,Warehouse B - CA,211
303,Warehouse A - NY,517
304,Warehouse C - TX,447
305,Warehouse B - CA,580
306,Warehouse A - NY,311
307,Warehouse A - NY,498
308,Warehouse B - CA,827
309,Warehouse C - TX,146
310,Warehouse B - CA,586
311,Warehouse B - CA,593
312,Warehouse C - TX,172
313,Warehouse B - CA,893
314,Warehouse A - NY,631
315,Warehouse C - TX,937
316,Warehouse C - TX,422
317,Warehouse C - TX,186
318,Warehouse B - CA,568
319,Warehouse B - CA,895
320,Warehouse A - NY,600
321,Warehouse A - NY,847
322,Warehouse B - CA,915
323,Warehouse C - TX,796
324,Warehouse A - NY,296
325,Warehouse B - CA,957
326,Warehouse B - CA,326
327,Warehouse B - CA,252
328,Warehouse B - CA,262
329,Warehouse B - CA,163
330,Warehouse B - CA,360
331,Warehouse A - NY,208
332,Warehouse A - NY,803
333,Warehouse A - NY,97
334,Warehouse A - NY,869
335,Warehouse C - TX,114
336,Warehouse A - NY,14
337,Warehouse B - CA,809
338,Warehouse A - NY,427
339,Warehouse A - NY,81
340,Warehouse A - NY,74
341,Warehouse A - NY,201
342,Warehouse B - CA,782
343,Warehouse B - CA,468
344,Warehouse B - CA,482
345,Warehouse A - NY,74
346,Warehouse C - TX,958
347,Warehouse A - NY,230
348,Warehouse C - TX,135
349,Warehouse A - NY,265
350,Warehouse A - NY,574
351,Warehouse B - CA,9
352,Warehouse A - NY,585
353,Warehouse B - CA,907
354,Warehouse C - TX,851
355,Warehouse B - CA,992
356,Warehouse A - NY,239
357,Warehouse A - NY,408
358,Warehouse B - CA,145
359,Warehouse A - NY,379
360,Warehouse A - NY,375
361,Warehouse B - CA,156
362,Warehouse A - NY,967
363,Warehouse C - TX,591
364,Warehouse B - CA,341
365,Warehouse A - NY,346
366,Warehouse A - NY,879
367,Warehouse C - TX,630
368,Warehouse B - CA,144
369,Warehouse C - TX,61
370,Warehouse B - CA,669
371,Warehouse A - NY,360
372,Warehouse C - TX,766
373,Warehouse A - NY,394
374,Warehouse C - TX,432
375,Warehouse B - CA,116
376,Warehouse C - TX,933
377,Warehouse A - NY,547
378,Warehouse B - CA,682
379,Warehouse B - CA,804
380,Warehouse C - TX,745
381,Warehouse A - NY,164
382,Warehouse C - TX,297
383,Warehouse A - NY,423
384,Warehouse A - NY,769
385,Warehouse C - TX,515
386,Warehouse C - TX,703
387,Warehouse C - TX,143
388,Warehouse B - CA,930
389,Warehouse A - NY,811
390,Warehouse B - CA,154
391,Warehouse B - CA,729
392,Warehouse A - NY,313
393,Warehouse C - TX,499
394,Warehouse B - CA,418
395,Warehouse A - NY,777
396,Warehouse B - CA,587
397,Warehouse B - CA,320
398,Warehouse A - NY,336
399,Warehouse A - NY,468
400,Warehouse B - CA,581
401,Warehouse B - CA,900
402,Warehouse A - NY,381
403,Warehouse A - NY,864
404,Warehouse C - TX,958
405,Warehouse B - CA,441
406,Warehouse A - NY,523
407,Warehouse C - TX,301
408,Warehouse B - CA,701
409,Warehouse C - TX,2
410,Warehouse B - CA,665
411,Warehouse A - NY,112
412,Warehouse B - CA,947
413,Warehouse B - CA,213
414,Warehouse A - NY,443
415,Warehouse C - TX,387
416,Warehouse A - NY,566
417,Warehouse C - TX,667
418,Warehouse A - NY,376
419,Warehouse A - NY,344
420,Warehouse C - TX,937
421,Warehouse B - CA,489
422,Warehouse A - NY,561
423,Warehouse B - CA,908
424,Warehouse A - NY,184
425,Warehouse C - TX,934
426,Warehouse B - CA,920
427,Warehouse C - TX,371
428,Warehouse B - CA,816
429,Warehouse C - TX,214
430,Warehouse A - NY,23
431,Warehouse A - NY,583
432,Warehouse C - TX,214
433,Warehouse B - CA,193
434,Warehouse B - CA,918
435,Warehouse B - CA,835
436,Warehouse A - NY,896
437,Warehouse A - NY,346
438,Warehouse C - TX,611
439,Warehouse B - CA,376
440,Warehouse B - CA,781
441,Warehouse A - NY,418
442,Warehouse A - NY,587
443,Warehouse A - NY,84
444,Warehouse B - CA,723
445,Warehouse C - TX,780
446,Warehouse B - CA,624
447,Warehouse C - TX,214
448,Warehouse C - TX,179
449,Warehouse A - NY,162
450,Warehouse C - TX,567
451,Warehouse B - CA,979
452,Warehouse A - NY,358
453,Warehouse C - TX,752
454,Warehouse C - TX,355
455,Warehouse B - CA,262
456,Warehouse B - CA,115
457,Warehouse B - CA,351
458,Warehouse C - TX,309
459,Warehouse C - TX,450
460,Warehouse A - NY,76
461,Warehouse C - TX,780
462,Warehouse B - CA,539
463,Warehouse C - TX,107
464,Warehouse A - NY,32
465,Warehouse C - TX,26
466,Warehouse C - TX,615
467,Warehouse A - NY,782
468,Warehouse C - TX,313
469,Warehouse A - NY,254
470,Warehouse B - CA,61
471,Warehouse B - CA,940
472,Warehouse A - NY,846
473,Warehouse C - TX,894
474,Warehouse B - CA,555
475,Warehouse B - CA,188
476,Warehouse C - TX,708
477,Warehouse A - NY,659
478,Warehouse A - NY,467
479,Warehouse B - CA,496
480,Warehouse B - CA,635
481,Warehouse A - NY,998
482,Warehouse C - TX,227
483,Warehouse B - CA,453
484,Warehouse B - CA,90
485,Warehouse A - NY,694
486,Warehouse B - CA,600
487,Warehouse C - TX,428
488,Warehouse A - NY,417
489,Warehouse C - TX,742
490,Warehouse B - CA,440
491,Warehouse B - CA,486
492,Warehouse C - TX,107
493,Warehouse B - CA,907
494,Warehouse B - CA,108
495,Warehouse C - TX,470
496,Warehouse A - NY,575
497,Warehouse A - NY,46
498,Warehouse A - NY,452
499,Warehouse C - TX,862
500,Warehouse C - TX,978
501,Warehouse A - NY,497
502,Warehouse B - CA,561
503,Warehouse B - CA,334
504,Warehouse B - CA,321
505,Warehouse C - TX,384
506,Warehouse A - NY,909
507,Warehouse C - TX,577
508,Warehouse A - NY,161
509,Warehouse A - NY,506
510,Warehouse C - TX,251
511,Warehouse B - CA,722
512,Warehouse B - CA,483
513,Warehouse B - CA,533
514,Warehouse C - TX,543
515,Warehouse B - CA,117
516,Warehouse C - TX,522
517,Warehouse B - CA,89
518,Warehouse A - NY,970
519,Warehouse B - CA,226
520,Warehouse B - CA,911
521,Warehouse A - NY,79
522,Warehouse A - NY,503
523,Warehouse C - TX,403
524,Warehouse C - TX,207
525,Warehouse A - NY,99
526,Warehouse B - CA,490
527,Warehouse A - NY,834
528,Warehouse B - CA,350
529,Warehouse B - CA,814
530,Warehouse B - CA,237
531,Warehouse B - CA,583
532,Warehouse A - NY,262
533,Warehouse B - CA,723
534,Warehouse C - TX,690
535,Warehouse B - CA,256
536,Warehouse A - NY,719
537,Warehouse A - NY,210
538,Warehouse A - NY,427
539,Warehouse B - CA,41
540,Warehouse A - NY,394
541,Warehouse A - NY,716
542,Warehouse A - NY,961
543,Warehouse B - CA,404
544,Warehouse A - NY,63
545,Warehouse A - NY,329
546,Warehouse A - NY,193
547,Warehouse C - TX,920
548,Warehouse A - NY,83
549,Warehouse C - TX,10
550,Warehouse B - CA,717
551,Warehouse A - NY,877
552,Warehouse C - TX,479
553,Warehouse A - NY,119
554,Warehouse A - NY,255
555,Warehouse C - TX,241
556,Warehouse C - TX,581
557,Warehouse B - CA,561
558,Warehouse A - NY,243
559,Warehouse B - CA,200
560,Warehouse B - CA,67
561,Warehouse A - NY,81
562,Warehouse C - TX,50
563,Warehouse A - NY,620
564,Warehouse C - TX,434
565,Warehouse A - NY,159
566,Warehouse B - CA,912
567,Warehouse A - NY,688
568,Warehouse C - TX,566
569,Warehouse A - NY,718
570,Warehouse C - TX,346
571,Warehouse C - TX,720
572,Warehouse C - TX,968
573,Warehouse C - TX,567
574,Warehouse B - CA,110
575,Warehouse C - TX,963
576,Warehouse B - CA,809
577,Warehouse B - CA,776
578,Warehouse B - CA,413
579,Warehouse B - CA,307
580,Warehouse C - TX,651
581,Warehouse B - CA,113
582,Warehouse A - NY,277
583,Warehouse C - TX,621
584,Warehouse C - TX,350
585,Warehouse C - TX,547
586,Warehouse A - NY,469
587,Warehouse C - TX,226
588,Warehouse A - NY,212
589,Warehouse B - CA,456
590,Warehouse B - CA,695
591,Warehouse C - TX,562
592,Warehouse A - NY,902
593,Warehouse A - NY,704
594,Warehouse B - CA,550
595,Warehouse C - TX,771
596,Warehouse B - CA,176
597,Warehouse A - NY,728
598,Warehouse C - TX,748
599,Warehouse B - CA,394
600,Warehouse A - NY,760
601,Warehouse A - NY,21
602,Warehouse B - CA,742
603,Warehouse B - CA,9
604,Warehouse C - TX,871
605,Warehouse C - TX,550
606,Warehouse A - NY,357
607,Warehouse C - TX,469
608,Warehouse A - NY,693
609,Warehouse B - CA,625
610,Warehouse B - CA,472
611,Warehouse B - CA,293
612,Warehouse B - CA,429
613,Warehouse B - CA,689
614,Warehouse C - TX,804
615,Warehouse C - TX,577
616,Warehouse B - CA,769
617,Warehouse A - NY,254
618,Warehouse C - TX,668
619,Warehouse A - NY,355
620,Warehouse B - CA,206
621,Warehouse B - CA,564
622,Warehouse A - NY,454
623,Warehouse C - TX,748
624,Warehouse B - CA,170
625,Warehouse A - NY,197
626,Warehouse B - CA,606
627,Warehouse C - TX,621
628,Warehouse B - CA,952
629,Warehouse C - TX,95
630,Warehouse B - CA,859
631,Warehouse B - CA,378
632,Warehouse A - NY,910
633,Warehouse A - NY,227
634,Warehouse B - CA,503
635,Warehouse C - TX,84
636,Warehouse B - CA,975
637,Warehouse B - CA,151
638,Warehouse B - CA,925
639,Warehouse B - CA,998
640,Warehouse C - TX,99
641,Warehouse B - CA,884
642,Warehouse B - CA,833
643,Warehouse B - CA,184
644,Warehouse A - NY,904
645,Warehouse A - NY,348
646,Warehouse C - TX,429
647,Warehouse A - NY,362
648,Warehouse C - TX,601
649,Warehouse C - TX,681
650,Warehouse A - NY,656
651,Warehouse A - NY,504
652,Warehouse B - CA,794
653,Warehouse A - NY,947
654,Warehouse A - NY,756
655,Warehouse A - NY,729
656,Warehouse A - NY,645
657,Warehouse C - TX,634
658,Warehouse A - NY,990
659,Warehouse A - NY,96
660,Warehouse A - NY,149
661,Warehouse B - CA,827
662,Warehouse C - TX,257
663,Warehouse A - NY,978
664,Warehouse A - NY,495
665,Warehouse C - TX,673
666,Warehouse B - CA,990
667,Warehouse C - TX,545
668,Warehouse A - NY,734
669,Warehouse B - CA,919
670,Warehouse A - NY,184
671,Warehouse A - NY,786
672,Warehouse C - TX,579
673,Warehouse A - NY,991
674,Warehouse C - TX,895
675,Warehouse A - NY,990
676,Warehouse C - TX,795
677,Warehouse C - TX,702
678,Warehouse B - CA,813
679,Warehouse A - NY,943
680,Warehouse A - NY,826
681,Warehouse A - NY,836
682,Warehouse B - CA,150
683,Warehouse A - NY,505
684,Warehouse B - CA,841
685,Warehouse A - NY,762
686,Warehouse B - CA,445
687,Warehouse B - CA,840
688,Warehouse C - TX,664
689,Warehouse A - NY,516
690,Warehouse B - CA,745
691,Warehouse C - TX,952
692,Warehouse B - CA,131
693,Warehouse B - CA,407
694,Warehouse A - NY,455
695,Warehouse C - TX,595
696,Warehouse C - TX,472
697,Warehouse A - NY,551
698,Warehouse C - TX,21
699,Warehouse B - CA,172
700,Warehouse C - TX,351
701,Warehouse A - NY,630
702,Warehouse C - TX,798
703,Warehouse B - CA,356
704,Warehouse B - CA,552
705,Warehouse B - CA,323
706,Warehouse A - NY,556
707,Warehouse C - TX,19
708,Warehouse A - NY,796
709,Warehouse C - TX,710
710,Warehouse B - CA,452
711,Warehouse A - NY,224
712,Warehouse A - NY,927
713,Warehouse A - NY,530
714,Warehouse C - TX,848
715,Warehouse B - CA,458
716,Warehouse B - CA,987
717,Warehouse C - TX,239
718,Warehouse C - TX,897
719,Warehouse C - TX,528
720,Warehouse A - NY,402
721,Warehouse C - TX,137
722,Warehouse A - NY,219
723,Warehouse A - NY,372
724,Warehouse B - CA,76
725,Warehouse B - CA,5
726,Warehouse C - TX,973
727,Warehouse A - NY,370
728,Warehouse C - TX,686
729,Warehouse A - NY,67
730,Warehouse B - CA,910
731,Warehouse B - CA,617
732,Warehouse C - TX,198
733,Warehouse C - TX,474
734,Warehouse C - TX,61
735,Warehouse C - TX,366
736,Warehouse A - NY,480
737,Warehouse C - TX,957
738,Warehouse A - NY,832
739,Warehouse C - TX,31
740,Warehouse C - TX,647
741,Warehouse C - TX,724
742,Warehouse B - CA,765
743,Warehouse A - NY,334
744,Warehouse B - CA,188
745,Warehouse A - NY,961
746,Warehouse A - NY,634
747,Warehouse B - CA,917
748,Warehouse C - TX,199
749,Warehouse C - TX,939
750,Warehouse A - NY,687
751,Warehouse A - NY,988
752,Warehouse A - NY,124
753,Warehouse A - NY,167
754,Warehouse B - CA,90
755,Warehouse C - TX,325
756,Warehouse C - TX,165
757,Warehouse C - TX,918
758,Warehouse A - NY,487
759,Warehouse C - TX,102
760,Warehouse C - TX,831
761,Warehouse B - CA,573
762,Warehouse B - CA,985
763,Warehouse B - CA,471
764,Warehouse C - TX,278
765,Warehouse A - NY,787
766,Warehouse B - CA,957
767,Warehouse A - NY,82
768,Warehouse C - TX,460
769,Warehouse C - TX,617
770,Warehouse C - TX,860
771,Warehouse A - NY,926
772,Warehouse B - CA,872
773,Warehouse A - NY,943
774,Warehouse B - CA,339
775,Warehouse A - NY,171
776,Warehouse A - NY,683
777,Warehouse C - TX,996
778,Warehouse C - TX,80
779,Warehouse B - CA,837
780,Warehouse C - TX,227
781,Warehouse C - TX,482
782,Warehouse A - NY,274
783,Warehouse A - NY,121
784,Warehouse C - TX,867
785,Warehouse A - NY,740
786,Warehouse A - NY,873
787,Warehouse B - CA,473
788,Warehouse B - CA,662
789,Warehouse B - CA,337
790,Warehouse A - NY,824
791,Warehouse B - CA,926
792,Warehouse B - CA,163
793,Warehouse C - TX,48
794,Warehouse C - TX,351
795,Warehouse C - TX,251
796,Warehouse C - TX,38
797,Warehouse B - CA,47
798,Warehouse B - CA,680
799,Warehouse B - CA,518
800,Warehouse A - NY,289
801,Warehouse B - CA,29
802,Warehouse C - TX,163
803,Warehouse C - TX,554
804,Warehouse C - TX,215
805,Warehouse A - NY,325
806,Warehouse C - TX,625
807,Warehouse B - CA,368
808,Warehouse B - CA,604
809,Warehouse B - CA,783
810,Warehouse C - TX,67
811,Warehouse A - NY,77
812,Warehouse A - NY,905
813,Warehouse C - TX,411
814,Warehouse C - TX,596
815,Warehouse C - TX,845
816,Warehouse A - NY,813
817,Warehouse C - TX,40
818,Warehouse A - NY,370
819,Warehouse B - CA,165
820,Warehouse A - NY,19
821,Warehouse A - NY,87
822,Warehouse B - CA,22
823,Warehouse B - CA,514
824,Warehouse A - NY,88
825,Warehouse B - CA,407
826,Warehouse A - NY,413
827,Warehouse C - TX,781
828,Warehouse B - CA,673
829,Warehouse C - TX,121
830,Warehouse A - NY,80
831,Warehouse C - TX,557
832,Warehouse B - CA,515
833,Warehouse C - TX,977
834,Warehouse A - NY,205
835,Warehouse A - NY,519
836,Warehouse A - NY,127
837,Warehouse C - TX,291
838,Warehouse A - NY,497
839,Warehouse B - CA,999
840,Warehouse C - TX,81
841,Warehouse A - NY,512
842,Warehouse B - CA,934
843,Warehouse B - CA,552
844,Warehouse B - CA,680
845,Warehouse A - NY,341
846,Warehouse A - NY,933
847,Warehouse B - CA,554
848,Warehouse A - NY,915
849,Warehouse C - TX,103
850,Warehouse A - NY,881
851,Warehouse C - TX,303
852,Warehouse B - CA,352
853,Warehouse B - CA,695
854,Warehouse B - CA,643
855,Warehouse C - TX,186
856,Warehouse A - NY,180
857,Warehouse B - CA,750
858,Warehouse B - CA,924
859,Warehouse B - CA,943
860,Warehouse B - CA,874
861,Warehouse B - CA,88
862,Warehouse C - TX,826
863,Warehouse C - TX,83
864,Warehouse A - NY,818
865,Warehouse B - CA,801
866,Warehouse B - CA,378
867,Warehouse C - TX,313
868,Warehouse A - NY,191
869,Warehouse B - CA,144
870,Warehouse B - CA,115
871,Warehouse C - TX,875
872,Warehouse A - NY,145
873,Warehouse C - TX,315
874,Warehouse C - TX,565
875,Warehouse C - TX,903
876,Warehouse A - NY,940
877,Warehouse B - CA,579
878,Warehouse C - TX,666
879,Warehouse C - TX,382
880,Warehouse A - NY,61
881,Warehouse A - NY,466
882,Warehouse B - CA,67
883,Warehouse A - NY,284
884,Warehouse B - CA,458
885,Warehouse A - NY,879
886,Warehouse B - CA,970
887,Warehouse B - CA,951
888,Warehouse C - TX,481
889,Warehouse C - TX,194
890,Warehouse B - CA,181
891,Warehouse C - TX,752
892,Warehouse A - NY,567
893,Warehouse C - TX,488
894,Warehouse C - TX,496
895,Warehouse C - TX,254
896,Warehouse B - CA,631
897,Warehouse B - CA,701
898,Warehouse A - NY,519
899,Warehouse B - CA,724
900,Warehouse C - TX,610
901,Warehouse A - NY,890
902,Warehouse B - CA,295
903,Warehouse B - CA,389
904,Warehouse C - TX,415
905,Warehouse A - NY,117
906,Warehouse B - CA,313
907,Warehouse A - NY,579
908,Warehouse B - CA,845
909,Warehouse B - CA,433
910,Warehouse A - NY,157
911,Warehouse A - NY,275
912,Warehouse B - CA,129
913,Warehouse C - TX,753
914,Warehouse C - TX,461
915,Warehouse C - TX,115
916,Warehouse B - CA,120
917,Warehouse C - TX,741
918,Warehouse B - CA,197
919,Warehouse A - NY,617
920,Warehouse C - TX,76
921,Warehouse B - CA,767
922,Warehouse C - TX,458
923,Warehouse C - TX,563
924,Warehouse C - TX,923
925,Warehouse C - TX,925
926,Warehouse C - TX,425
927,Warehouse C - TX,3
928,Warehouse A - NY,625
929,Warehouse A - NY,622
930,Warehouse A - NY,642
931,Warehouse B - CA,125
932,Warehouse B - CA,553
933,Warehouse B - CA,107
934,Warehouse A - NY,427
935,Warehouse C - TX,256
936,Warehouse C - TX,366
937,Warehouse B - CA,277
938,Warehouse A - NY,438
939,Warehouse C - TX,191
940,Warehouse A - NY,673
941,Warehouse C - TX,68
942,Warehouse A - NY,609
943,Warehouse C - TX,697
944,Warehouse A - NY,269
945,Warehouse A - NY,750
946,Warehouse A - NY,289
947,Warehouse C - TX,57
948,Warehouse C - TX,21
949,Warehouse A - NY,470
950,Warehouse B - CA,925
951,Warehouse C - TX,844
952,Warehouse A - NY,537
953,Warehouse A - NY,435
954,Warehouse A - NY,158
955,Warehouse C - TX,528
956,Warehouse A - NY,224
957,Warehouse A - NY,471
958,Warehouse C - TX,293
959,Warehouse C - TX,689
960,Warehouse C - TX,60
961,Warehouse B - CA,223
962,Warehouse C - TX,699
963,Warehouse A - NY,290
964,Warehouse B - CA,726
965,Warehouse A - NY,975
966,Warehouse B - CA,314
967,Warehouse B - CA,355
968,Warehouse A - NY,270
969,Warehouse C - TX,207
970,Warehouse B - CA,510
971,Warehouse B - CA,7
972,Warehouse B - CA,267
973,Warehouse A - NY,799
974,Warehouse A - NY,381
975,Warehouse A - NY,209
976,Warehouse B - CA,252
977,Warehouse C - TX,256
978,Warehouse C - TX,764
979,Warehouse A - NY,793
980,Warehouse A - NY,532
981,Warehouse C - TX,780
982,Warehouse B - CA,121
983,Warehouse C - TX,308
984,Warehouse C - TX,328
985,Warehouse B - CA,220
986,Warehouse B - CA,949
987,Warehouse C - TX,58
988,Warehouse B - CA,288
989,Warehouse B - CA,69
990,Warehouse B - CA,646
991,Warehouse C - TX,574
992,Warehouse B - CA,680
993,Warehouse B - CA,790
994,Warehouse C - TX,455
995,Warehouse A - NY,868
996,Warehouse A - NY,474
997,Warehouse C - TX,577
998,Warehouse C - TX,750
999,Warehouse B - CA,777
1000,Warehouse A - NY,302
1001,Warehouse B - CA,433
1002,Warehouse A - NY,103
1003,Warehouse A - NY,182
1004,Warehouse C - TX,396
1005,Warehouse B - CA,988
1006,Warehouse B - CA,981
1007,Warehouse A - NY,442
1008,Warehouse A - NY,421
1009,Warehouse B - CA,59
1010,Warehouse A - NY,872
1011,Warehouse C - TX,615
1012,Warehouse C - TX,197
1013,Warehouse A - NY,713
1014,Warehouse B - CA,241
1015,Warehouse B - CA,16
1016,Warehouse A - NY,50
1017,Warehouse B - CA,536
1018,Warehouse A - NY,66
1019,Warehouse A - NY,141
1020,Warehouse A - NY,391
1021,Warehouse C - TX,651
1022,Warehouse C - TX,613
1023,Warehouse A - NY,544
1024,Warehouse C - TX,171
1025,Warehouse C - TX,480
1026,Warehouse C - TX,895
1027,Warehouse B - CA,362
1028,Warehouse B - CA,607
1029,Warehouse A - NY,668
1030,Warehouse B - CA,6
1031,Warehouse A - NY,742
1032,Warehouse A - NY,18
1033,Warehouse C - TX,620
1034,Warehouse A - NY,345
1035,Warehouse A - NY,81
1036,Warehouse B - CA,589
1037,Warehouse B - CA,385
1038,Warehouse B - CA,388
1039,Warehouse A - NY,848
1040,Warehouse C - TX,599
1041,Warehouse A - NY,241
1042,Warehouse C - TX,320
1043,Warehouse B - CA,903
1044,Warehouse A - NY,184
1045,Warehouse C - TX,703
1046,Warehouse A - NY,184
1047,Warehouse C - TX,390
1048,Warehouse B - CA,270
1049,Warehouse C - TX,672
1050,Warehouse A - NY,267
1051,Warehouse A - NY,566
1052,Warehouse A - NY,581
1053,Warehouse C - TX,955
1054,Warehouse B - CA,979
1055,Warehouse B - CA,440
1056,Warehouse C - TX,343
1057,Warehouse C - TX,24
1058,Warehouse C - TX,291
1059,Warehouse A - NY,552
1060,Warehouse B - CA,661
1061,Warehouse A - NY,872
1062,Warehouse B - CA,722
1063,Warehouse A - NY,388
1064,Warehouse B - CA,194
1065,Warehouse C - TX,34
1066,Warehouse C - TX,198
1067,Warehouse A - NY,449
1068,Warehouse B - CA,213
1069,Warehouse B - CA,25
1070,Warehouse C - TX,208
1071,Warehouse B - CA,20
1072,Warehouse A - NY,892
1073,Warehouse A - NY,775
1074,Warehouse A - NY,555
1075,Warehouse A - NY,10
1076,Warehouse A - NY,785
1077,Warehouse B - CA,749
1078,Warehouse A - NY,617
1079,Warehouse C - TX,827
1080,Warehouse C - TX,766
1081,Warehouse B - CA,838
1082,Warehouse B - CA,137
1083,Warehouse B - CA,848
1084,Warehouse C - TX,637
1085,Warehouse B - CA,271
1086,Warehouse B - CA,713
1087,Warehouse B - CA,845
1088,Warehouse B - CA,207
1089,Warehouse A - NY,635
1090,Warehouse A - NY,378
1091,Warehouse B - CA,627
1092,Warehouse C - TX,868
1093,Warehouse C - TX,549
1094,Warehouse A - NY,512
1095,Warehouse C - TX,364
1096,Warehouse A - NY,872
1097,Warehouse C - TX,316
1098,Warehouse B - CA,836
1099,Warehouse C - TX,298
1100,Warehouse C - TX,773
1101,Warehouse B - CA,795
1102,Warehouse C - TX,25
1103,Warehouse A - NY,475
1104,Warehouse A - NY,487
1105,Warehouse C - TX,281
1106,Warehouse C - TX,358
1107,Warehouse C - TX,75
1108,Warehouse B - CA,593
1109,Warehouse B - CA,10
1110,Warehouse C - TX,990
1111,Warehouse C - TX,315
1112,Warehouse A - NY,74
1113,Warehouse A - NY,771
1114,Warehouse B - CA,284
1115,Warehouse C - TX,765
1116,Warehouse A - NY,701
1117,Warehouse B - CA,318
1118,Warehouse A - NY,339
1119,Warehouse A - NY,896
1120,Warehouse A - NY,365
1121,Warehouse B - CA,894
1122,Warehouse A - NY,366
1123,Warehouse C - TX,77
1124,Warehouse C - TX,245
1125,Warehouse A - NY,782
1126,Warehouse A - NY,16
1127,Warehouse C - TX,851
1128,Warehouse A - NY,673
1129,Warehouse C - TX,477
1130,Warehouse B - CA,180
1131,Warehouse C - TX,588
1132,Warehouse C - TX,297
1133,Warehouse B - CA,340
1134,Warehouse C - TX,151
1135,Warehouse B - CA,331
1136,Warehouse A - NY,149
1137,Warehouse B - CA,790
1138,Warehouse A - NY,229
1139,Warehouse C - TX,651
1140,Warehouse B - CA,734
1141,Warehouse A - NY,187
1142,Warehouse B - CA,739
1143,Warehouse B - CA,121
1144,Warehouse C - TX,754
1145,Warehouse C - TX,636
1146,Warehouse C - TX,973
1147,Warehouse A - NY,441
1148,Warehouse C - TX,367
1149,Warehouse C - TX,708
1150,Warehouse B - CA,102
1151,Warehouse B - CA,799
1152,Warehouse A - NY,324
1153,Warehouse C - TX,422
1154,Warehouse B - CA,849
1155,Warehouse C - TX,382
1156,Warehouse B - CA,76
1157,Warehouse B - CA,81
1158,Warehouse A - NY,623
1159,Warehouse A - NY,68
1160,Warehouse A - NY,150
1161,Warehouse A - NY,789
1162,Warehouse C - TX,263
1163,Warehouse C - TX,451
1164,Warehouse C - TX,245
1165,Warehouse A - NY,942
1166,Warehouse B - CA,282
1167,Warehouse C - TX,218
1168,Warehouse B - CA,684
1169,Warehouse B - CA,998
1170,Warehouse B - CA,561
1171,Warehouse A - NY,32
1172,Warehouse A - NY,191
1173,Warehouse B - CA,489
1174,Warehouse A - NY,462
1175,Warehouse A - NY,914
1176,Warehouse B - CA,411
1177,Warehouse B - CA,548
1178,Warehouse B - CA,851
1179,Warehouse A - NY,530
1180,Warehouse C - TX,907
1181,Warehouse C - TX,187
1182,Warehouse A - NY,218
1183,Warehouse B - CA,900
1184,Warehouse A - NY,416
1185,Warehouse B - CA,51
1186,Warehouse C - TX,884
1187,Warehouse A - NY,366
1188,Warehouse C - TX,982
1189,Warehouse B - CA,454
1190,Warehouse A - NY,312
1191,Warehouse B - CA,326
1192,Warehouse C - TX,614
1193,Warehouse A - NY,407
1194,Warehouse A - NY,750
1195,Warehouse C - TX,504
1196,Warehouse A - NY,202
1197,Warehouse C - TX,510
1198,Warehouse A - NY,520
1199,Warehouse A - NY,808
1200,Warehouse A - NY,322
1201,Warehouse A - NY,538
1202,Warehouse A - NY,583
1203,Warehouse C - TX,480
1204,Warehouse B - CA,603
1205,Warehouse A - NY,449
1206,Warehouse B - CA,615
1207,Warehouse B - CA,993
1208,Warehouse A - NY,395
1209,Warehouse B - CA,179
1210,Warehouse B - CA,614
1211,Warehouse B - CA,107
1212,Warehouse A - NY,257
1213,Warehouse C - TX,769
1214,Warehouse C - TX,172
1215,Warehouse A - NY,732
1216,Warehouse A - NY,202
1217,Warehouse C - TX,616
1218,Warehouse A - NY,946
1219,Warehouse A - NY,57
1220,Warehouse A - NY,686
1221,Warehouse B - CA,89
1222,Warehouse B - CA,513
1223,Warehouse A - NY,899
1224,Warehouse A - NY,483
1225,Warehouse B - CA,914
1226,Warehouse C - TX,264
1227,Warehouse B - CA,681
1228,Warehouse A - NY,506
1229,Warehouse B - CA,678
1230,Warehouse A - NY,14
1231,Warehouse C - TX,431
1232,Warehouse B - CA,40
1233,Warehouse A - NY,946
1234,Warehouse B - CA,787
1235,Warehouse A - NY,109
1236,Warehouse A - NY,445
1237,Warehouse B - CA,359
1238,Warehouse C - TX,971
1239,Warehouse A - NY,819
1240,Warehouse B - CA,646
1241,Warehouse C - TX,634
1242,Warehouse B - CA,846
1243,Warehouse C - TX,903
1244,Warehouse A - NY,131
1245,Warehouse C - TX,279
1246,Warehouse C - TX,125
1247,Warehouse B - CA,19
1248,Warehouse B - CA,87
1249,Warehouse A - NY,735
1250,Warehouse C - TX,208
1251,Warehouse C - TX,84
1252,Warehouse B - CA,724
1253,Warehouse A - NY,264
1254,Warehouse A - NY,873
1255,Warehouse C - TX,241
1256,Warehouse A - NY,959
1257,Warehouse A - NY,528
1258,Warehouse C - TX,489
1259,Warehouse B - CA,231
1260,Warehouse A - NY,165
1261,Warehouse B - CA,356
1262,Warehouse A - NY,57
1263,Warehouse B - CA,967
1264,Warehouse C - TX,336
1265,Warehouse B - CA,42
1266,Warehouse B - CA,738
1267,Warehouse A - NY,110
1268,Warehouse A - NY,812
1269,Warehouse A - NY,335
1270,Warehouse B - CA,642
1271,Warehouse B - CA,978
1272,Warehouse A - NY,125
1273,Warehouse C - TX,475
1274,Warehouse A - NY,424
1275,Warehouse A - NY,101
1276,Warehouse B - CA,683
1277,Warehouse A - NY,712
1278,Warehouse B - CA,967
1279,Warehouse A - NY,14
1280,Warehouse B - CA,879
1281,Warehouse B - CA,656
1282,Warehouse B - CA,845
1283,Warehouse A - NY,935
1284,Warehouse C - TX,638
1285,Warehouse B - CA,594
1286,Warehouse B - CA,214
1287,Warehouse C - TX,418
1288,Warehouse A - NY,434
1289,Warehouse A - NY,722
1290,Warehouse A - NY,162
1291,Warehouse B - CA,96
1292,Warehouse A - NY,837
1293,Warehouse C - TX,887
1294,Warehouse B - CA,487
1295,Warehouse C - TX,974
1296,Warehouse C - TX,149
1297,Warehouse B - CA,185
1298,Warehouse C - TX,559
1299,Warehouse A - NY,114
1300,Warehouse C - TX,567
1301,Warehouse B - CA,854
1302,Warehouse C - TX,32
1303,Warehouse C - TX,293
1304,Warehouse B - CA,58
1305,Warehouse C - TX,200
1306,Warehouse B - CA,719
1307,Warehouse B - CA,792
1308,Warehouse A - NY,233
1309,Warehouse B - CA,489
1310,Warehouse B - CA,224
1311,Warehouse A - NY,763
1312,Warehouse B - CA,465
1313,Warehouse B - CA,720
1314,Warehouse C - TX,675
1315,Warehouse B - CA,978
1316,Warehouse C - TX,611
1317,Warehouse A - NY,212
1318,Warehouse A - NY,68
1319,Warehouse B - CA,617
1320,Warehouse B - CA,375
1321,Warehouse A - NY,798
1322,Warehouse A - NY,572
1323,Warehouse A - NY,676
1324,Warehouse A - NY,324
1325,Warehouse A - NY,508
1326,Warehouse A - NY,9
1327,Warehouse C - TX,44
1328,Warehouse C - TX,407
1329,Warehouse B - CA,413
1330,Warehouse C - TX,316
1331,Warehouse A - NY,915
1332,Warehouse B - CA,636
1333,Warehouse C - TX,744
1334,Warehouse B - CA,745
1335,Warehouse C - TX,686
1336,Warehouse C - TX,529
1337,Warehouse C - TX,189
1338,Warehouse B - CA,581
1339,Warehouse B - CA,123
1340,Warehouse C - TX,109
1341,Warehouse C - TX,79
1342,Warehouse A - NY,413
1343,Warehouse C - TX,895
1344,Warehouse C - TX,585
1345,Warehouse C - TX,127
1346,Warehouse A - NY,42
1347,Warehouse C - TX,337
1348,Warehouse C - TX,843
1349,Warehouse A - NY,48
1350,Warehouse B - CA,521
1351,Warehouse A - NY,713
1352,Warehouse A - NY,111
1353,Warehouse B - CA,179
1354,Warehouse C - TX,523
1355,Warehouse C - TX,335
1356,Warehouse C - TX,466
1357,Warehouse B - CA,281
1358,Warehouse B - CA,549
1359,Warehouse C - TX,218
1360,Warehouse A - NY,864
1361,Warehouse C - TX,473
1362,Warehouse B - CA,704
1363,Warehouse B - CA,543
1364,Warehouse C - TX,317
1365,Warehouse C - TX,514
1366,Warehouse B - CA,576
1367,Warehouse A - NY,746
1368,Warehouse A - NY,122
1369,Warehouse A - NY,565
1370,Warehouse B - CA,18
1371,Warehouse B - CA,650
1372,Warehouse A - NY,381
1373,Warehouse A - NY,766
1374,Warehouse B - CA,550
1375,Warehouse B - CA,36
1376,Warehouse C - TX,615
1377,Warehouse B - CA,533
1378,Warehouse B - CA,134
1379,Warehouse C - TX,158
1380,Warehouse A - NY,333
1381,Warehouse C - TX,580
1382,Warehouse A - NY,296
1383,Warehouse C - TX,46
1384,Warehouse C - TX,165
1385,Warehouse C - TX,643
1386,Warehouse B - CA,873
1387,Warehouse B - CA,80
1388,Warehouse A - NY,722
1389,Warehouse C - TX,141
1390,Warehouse A - NY,317
1391,Warehouse B - CA,221
1392,Warehouse A - NY,351
1393,Warehouse C - TX,942
1394,Warehouse B - CA,656
1395,Warehouse A - NY,194
1396,Warehouse A - NY,898
1397,Warehouse C - TX,710
1398,Warehouse A - NY,54
1399,Warehouse B - CA,411
1400,Warehouse C - TX,262
1401,Warehouse B - CA,442
1402,Warehouse B - CA,565
1403,Warehouse C - TX,786
1404,Warehouse B - CA,361
1405,Warehouse B - CA,405
1406,Warehouse B - CA,11
1407,Warehouse A - NY,956
1408,Warehouse C - TX,23
1409,Warehouse A - NY,984
1410,Warehouse B - CA,987
1411,Warehouse C - TX,179
1412,Warehouse B - CA,422
1413,Warehouse B - CA,222
1414,Warehouse C - TX,460
1415,Warehouse B - CA,628
1416,Warehouse C - TX,550
1417,Warehouse B - CA,250
1418,Warehouse A - NY,702
1419,Warehouse C - TX,63
1420,Warehouse B - CA,567
1421,Warehouse C - TX,294
1422,Warehouse B - CA,609
1423,Warehouse A - NY,543
1424,Warehouse C - TX,298
1425,Warehouse A - NY,971
1426,Warehouse B - CA,548
1427,Warehouse C - TX,492
1428,Warehouse B - CA,212
1429,Warehouse B - CA,318
1430,Warehouse C - TX,648
1431,Warehouse B - CA,801
1432,Warehouse C - TX,118
1433,Warehouse A - NY,33
1434,Warehouse C - TX,881
1435,Warehouse A - NY,91
1436,Warehouse A - NY,597
1437,Warehouse A - NY,284
1438,Warehouse C - TX,73
1439,Warehouse B - CA,731
1440,Warehouse C - TX,792
1441,Warehouse C - TX,789
1442,Warehouse B - CA,329
1443,Warehouse C - TX,764
1444,Warehouse B - CA,270
1445,Warehouse C - TX,735
1446,Warehouse C - TX,170
1447,Warehouse A - NY,134
1448,Warehouse A - NY,7
1449,Warehouse C - TX,558
1450,Warehouse B - CA,264
1451,Warehouse A - NY,391
1452,Warehouse C - TX,711
1453,Warehouse B - CA,276
1454,Warehouse B - CA,848
1455,Warehouse B - CA,905
1456,Warehouse B - CA,671
1457,Warehouse B - CA,906
1458,Warehouse B - CA,484
1459,Warehouse A - NY,857
1460,Warehouse C - TX,66
1461,Warehouse B - CA,371
1462,Warehouse B - CA,522
1463,Warehouse B - CA,137
1464,Warehouse C - TX,543
1465,Warehouse C - TX,928
1466,Warehouse A - NY,837
1467,Warehouse B - CA,682
1468,Warehouse B - CA,494
1469,Warehouse A - NY,743
1470,Warehouse B - CA,361
1471,Warehouse C - TX,777
1472,Warehouse B - CA,466
1473,Warehouse C - TX,773
1474,Warehouse C - TX,279
1475,Warehouse B - CA,981
1476,Warehouse C - TX,339
1477,Warehouse A - NY,513
1478,Warehouse C - TX,137
1479,Warehouse B - CA,386
1480,Warehouse A - NY,112
1481,Warehouse B - CA,341
1482,Warehouse C - TX,482
1483,Warehouse A - NY,52
1484,Warehouse C - TX,549
1485,Warehouse A - NY,99
1486,Warehouse A - NY,561
1487,Warehouse C - TX,234
1488,Warehouse A - NY,485
1489,Warehouse A - NY,190
1490,Warehouse A - NY,925
1491,Warehouse A - NY,725
1492,Warehouse B - CA,342
1493,Warehouse B - CA,778
1494,Warehouse C - TX,721
1495,Warehouse A - NY,231
1496,Warehouse B - CA,567
1497,Warehouse A - NY,507
1498,Warehouse B - CA,951
1499,Warehouse C - TX,453
1500,Warehouse C - TX,955
